ชื่อยา,ข้อบ่งใช้,ระดับความเสี่ยง,หมายเหตุ,แหล่งอ้างอิงข้อมูล
Paracetamol,ใช้สำหรับลดไข้และบรรเทาอาการปวด,ความเสี่ยงต่ำมาก,,Association for Promotion and Cultural and Research of Breastfeeding. Acetaminophen. Available from: http://www.e-lactancia.org/producto/1178.                                                         
Aspirin,ใช้สำหรับลดไข้ บรรเทาอาการปวด และต้านการอักเสบ,ความเสี่ยงต่ำ, ควรปรึกษาแพทย์หรือเภสัชกรหากต้องใช้ยานี้ เนื่องจากข้อมูลการใช้ยา asprin ในสตรีให้นมบุตรมีน้อย  ถึงแม้มีข้อมูลระบุว่าสามารถใช้ได้ในสตรีให้นมบุตร แต่ควรเฝ้าระวังผลข้างเคียงของยาที่อาจเกิดขึ้นในทารก และควรหลีกเลี่ยงการใช้ระยะยาว  ,"1. Association for Promotion and Cultural and Research of Breastfeeding. Aspirin. Available from: http://www.e-lactancia.org/producto/129.                                                         2. Organization World Health, UNICEF. Breastfeeding and maternal medication. Recommendations for drugs in the Eleventh WHO Model List of Essential Drugs. World Health Organization-UNICEF, Geneva. 2002.                                      3. Briggs GG, Freeman RK, Yaffe SJ. Drugs in pregnancy and lactation: a reference guide to fetal and neonatal risk: Lippincott Williams & Wilkins; 2012. Available from: https://booksfree4u.tk/download-drugs-in-pregnancy-and-lactation-9th-edition-ebook-pdf-free/."
Diclofenac,ใช้สำหรับบรรเทาอาการปวด และต้านการอักเสบ,ความเสี่ยงต่ำมาก,ข้อมูลการใช้ยา Diclofenac ในสตรีให้นมบุตรมีจำกัด แต่อย่างไรก็ตามข้อมูลหลักฐานที่พบไม่ได้ระบุว่ายา Diclofenac มีความเสี่ยงที่จะเป็นอันตรายต่อสตรีให้นมบุตร,"1. Breastfeeding Association for Promotion and Cultural and Research of. Diclofenac. Available from: http://www.e-lactancia.org/producto/476.                                                         2. Briggs GG, Freeman RK, Yaffe SJ. Drugs in pregnancy and lactation: a reference guide to fetal and neonatal risk: Lippincott Williams & Wilkins; 2012. Available from: https://booksfree4u.tk/download-drugs-in-pregnancy-and-lactation-9th-edition-ebook-pdf-free/."
Ibuprofen,ใช้สำหรับบรรเทาอาการปวด และต้านการอักเสบ,ความเสี่ยงต่ำมาก,,Breastfeeding Association for Promotion and Cultural and Research of. Ibuprofen. Available from: http://www.e-lactancia.org/producto/816.
Indomethacin,ใช้สำหรับบรรเทาอาการปวด และต้านการอักเสบ,ความเสี่ยงต่ำมาก,ข้อมูลการใช้ยา Indomethacin ในสตรีให้นมบุตรมีจำกัด แต่อย่างไรก็ตามข้อมูลหลักฐานที่พบไม่ได้ระบุว่ายา  Indomethacin มีความเสี่ยงที่จะเป็นอันตรายต่อสตรีให้นมบุตร,"1. Breastfeeding Association for Promotion and Cultural and Research of. Indomethacin. Available from: http://www.e-lactancia.org/producto/831.                                                          2. Briggs GG, Freeman RK, Yaffe SJ. Drugs in pregnancy and lactation: a reference guide to fetal and neonatal risk: Lippincott Williams & Wilkins; 2012. Available from: https://booksfree4u.tk/download-drugs-in-pregnancy-and-lactation-9th-edition-ebook-pdf-free/."
Naproxen,ใช้สำหรับบรรเทาอาการปวด และต้านการอักเสบ,ความเสี่ยงต่ำ,ข้อมูลการใช้ยา Naproxen ในสตรีให้นมบุตรมีจำกัด แต่อย่างไรก็ตามข้อมูลหลักฐานที่พบไม่ได้ระบุว่ายา Naproxen มีความเสี่ยงที่จะเป็นอันตรายต่อสตรีให้นมบุตร,"1. Breastfeeding Association for Promotion and Cultural and Research of. Naproxen. Available from: http://www.e-lactancia.org/producto/1089.                                                        2. Briggs GG, Freeman RK, Yaffe SJ. Drugs in pregnancy and lactation: a reference guide to fetal and neonatal risk: Lippincott Williams & Wilkins; 2012. Available from: https://booksfree4u.tk/download-drugs-in-pregnancy-and-lactation-9th-edition-ebook-pdf-free/."
Piroxicam,ใช้สำหรับบรรเทาอาการปวด และต้านการอักเสบ,ความเสี่ยงต่ำมาก,,Breastfeeding Association for Promotion and Cultural and Research of. Piroxicam. Available from: http://www.e-lactancia.org/producto/1232.
Amoxicillin,ใช้สำหรับรักษาโรคติดเชื้อที่มีสาเหตุจากเชื้อแบคทีเรีย,ความเสี่ยงต่ำมาก,,Breastfeeding Association for Promotion and Cultural and Research of. Amoxicillin. Available from: http://www.e-lactancia.org/producto/91.
Ampicillin,ใช้สำหรับรักษาโรคติดเชื้อที่มีสาเหตุจากเชื้อแบคทีเรีย,ความเสี่ยงต่ำมาก,,Breastfeeding Association for Promotion and Cultural and Research of. Ampicilline. Available from: http://www.e-lactancia.org/producto/93.
Cloxacillin,ใช้สำหรับรักษาโรคติดเชื้อที่มีสาเหตุจากเชื้อแบคทีเรีย,ความเสี่ยงต่ำมาก,,Breastfeeding Association for Promotion and Cultural and Research of. Cloxacillin. Available from: http://www.e-lactancia.org/producto/400.
Dicloxacillin,ใช้สำหรับรักษาโรคติดเชื้อที่มีสาเหตุจากเชื้อแบคทีเรีย,ความเสี่ยงต่ำมาก,,Breastfeeding Association for Promotion and Cultural and Research of. Dicloxacillin. Available from: http://www.e-lactancia.org/producto/477.
Amoxicillin-Clavulanate,ใช้สำหรับรักษาโรคติดเชื้อที่มีสาเหตุจากเชื้อแบคทีเรีย,ความเสี่ยงต่ำมาก,ข้อมูลการใช้ยา Amoxicillin-Clavulanateในสตรีให้นมบุตรมีจำกัด แต่อย่างไรก็ตามข้อมูลหลักฐานที่พบไม่ได้ระบุว่ายา Amoxicillin-Clavulanate มีความเสี่ยงที่จะเป็นอันตรายต่อสตรีให้นมบุตร,"1. Breastfeeding Association for Promotion and Cultural and Research of. Amoxicillin-Clavulanate. Available from: http://www.e-lactancia.org/producto/92.                                      2. Briggs GG, Freeman RK, Yaffe SJ. Drugs in pregnancy and lactation: a reference guide to fetal and neonatal risk: Lippincott Williams & Wilkins; 2012. Available from: https://booksfree4u.tk/download-drugs-in-pregnancy-and-lactation-9th-edition-ebook-pdf-free/."
Ampicillin-Sulbactam,ใช้สำหรับรักษาโรคติดเชื้อที่มีสาเหตุจากเชื้อแบคทีเรีย,ความเสี่ยงต่ำมาก,,Breastfeeding Association for Promotion and Cultural and Research of. Ampicillin-Sulbactan. Available from: http://www.e-lactancia.org/producto/94.
Piperacillin + Tazobactam,ใช้สำหรับรักษาโรคติดเชื้อที่มีสาเหตุจากเชื้อแบคทีเรีย,ความเสี่ยงต่ำมาก,ข้อมูลการใช้ยา Piperacillin + Tazobactamในสตรีให้นมบุตรมีจำกัด แต่อย่างไรก็ตามข้อมูลหลักฐานที่พบไม่ได้ระบุว่ายา Piperacillin + Tazobactam มีความเสี่ยงที่จะเป็นอันตรายต่อสตรีให้นมบุตร,"1. Breastfeeding Association for Promotion and Cultural and Research of. Piperacillin + Tazobactam. Available from: http://www.e-lactancia.org/producto/1219.                                  2. Briggs GG, Freeman RK, Yaffe SJ. Drugs in pregnancy and lactation: a reference guide to fetal and neonatal risk: Lippincott Williams & Wilkins; 2012. Available from: https://booksfree4u.tk/download-drugs-in-pregnancy-and-lactation-9th-edition-ebook-pdf-free/."
Cefalexin,ใช้สำหรับรักษาโรคติดเชื้อที่มีสาเหตุจากเชื้อแบคทีเรีย,ความเสี่ยงต่ำมาก,,Breastfeeding Association for Promotion and Cultural and Research of. Cefalexin. Available from: http://www.e-lactancia.org/producto/291.
Cefuroxime,ใช้สำหรับรักษาโรคติดเชื้อที่มีสาเหตุจากเชื้อแบคทีเรีย,ความเสี่ยงต่ำมาก,,Breastfeeding Association for Promotion and Cultural and Research of. Cefuroxime. Available from: http://www.e-lactancia.org/producto/316.
Cefixime,ใช้สำหรับรักษาโรคติดเชื้อที่มีสาเหตุจากเชื้อแบคทีเรีย,ความเสี่ยงต่ำมาก,,Breastfeeding Association for Promotion and Cultural and Research of. Cefixime. Available from: http://www.e-lactancia.org/producto/300.
Doxycycline,ใช้สำหรับรักษาโรคติดเชื้อที่มีสาเหตุจากเชื้อแบคทีเรีย,ความเสี่ยงต่ำ,มีหลักฐานระบุว่า ยา Doxycycline สามารถใช้ได้ในสตรีให้นมบุตร แต่อย่างไรก็ตามควรปรึกษาแพทย์หรือเภสัชกรในการใช้ยา Doxycycline เนื่องจากอาจมีผลต่อสีฟันของทารก ,"1. Breastfeeding Association for Promotion and Cultural and Research of. Doxycycline. Available from: http://www.e-lactancia.org/producto/530.                                                         2. Organization World Health, UNICEF. Breastfeeding and maternal medication. Recommendations for drugs in the Eleventh WHO Model List of Essential Drugs. World Health Organization-UNICEF, Geneva. 2002.                                      3. Briggs GG, Freeman RK, Yaffe SJ. Drugs in pregnancy and lactation: a reference guide to fetal and neonatal risk: Lippincott Williams & Wilkins; 2012. Available from: https://booksfree4u.tk/download-drugs-in-pregnancy-and-lactation-9th-edition-ebook-pdf-free/."
Tetracycline,ใช้สำหรับรักษาโรคติดเชื้อที่มีสาเหตุจากเชื้อแบคทีเรีย,ความเสี่ยงต่ำมาก,,Breastfeeding Association for Promotion and Cultural and Research of. Tetracycline. Available from: http://www.e-lactancia.org/producto/1457.
Neomycin,ใช้สำหรับรักษาโรคติดเชื้อที่มีสาเหตุจากเชื้อแบคทีเรีย,ความเสี่ยงต่ำมาก,ข้อมูลการใช้ยา Neomycinในสตรีให้นมบุตรมีจำกัด แต่อย่างไรก็ตามข้อมูลหลักฐานที่พบไม่ได้ระบุว่ายา Neomycin มีความเสี่ยงที่จะเป็นอันตรายต่อสตรีให้นมบุตร,"1. Breastfeeding Association for Promotion and Cultural and Research of. Neomycin. Available from: http://www.e-lactancia.org/producto/1099.                                                       2. Briggs GG, Freeman RK, Yaffe SJ. Drugs in pregnancy and lactation: a reference guide to fetal and neonatal risk: Lippincott Williams & Wilkins; 2012. Available from: https://booksfree4u.tk/download-drugs-in-pregnancy-and-lactation-9th-edition-ebook-pdf-free/."
Erythromycin,ใช้สำหรับรักษาโรคติดเชื้อที่มีสาเหตุจากเชื้อแบคทีเรีย,ความเสี่ยงต่ำ,,Breastfeeding Association for Promotion and Cultural and Research of. Erythromycin. Available from: http://www.e-lactancia.org/producto/575.
Roxithromycin,ใช้สำหรับรักษาโรคติดเชื้อที่มีสาเหตุจากเชื้อแบคทีเรีย,ความเสี่ยงต่ำมาก,,Breastfeeding Association for Promotion and Cultural and Research of. Roxithromycin. Available from: http://www.e-lactancia.org/producto/1356.
Azithromycin,ใช้สำหรับรักษาโรคติดเชื้อที่มีสาเหตุจากเชื้อแบคทีเรีย,ความเสี่ยงต่ำมาก,ข้อมูลการใช้ยา Azithromycinในสตรีให้นมบุตรมีจำกัด แต่อย่างไรก็ตามข้อมูลหลักฐานที่พบไม่ได้ระบุว่ายา Azithromycin มีความเสี่ยงที่จะเป็นอันตรายต่อสตรีให้นมบุตร,"1. Breastfeeding Association for Promotion and Cultural and Research of. Azithromycin. Available from: http://www.e-lactancia.org/producto/147.                                                          2. Briggs GG, Freeman RK, Yaffe SJ. Drugs in pregnancy and lactation: a reference guide to fetal and neonatal risk: Lippincott Williams & Wilkins; 2012. Available from: https://booksfree4u.tk/download-drugs-in-pregnancy-and-lactation-9th-edition-ebook-pdf-free/."
Clarithromycin,ใช้สำหรับรักษาโรคติดเชื้อที่มีสาเหตุจากเชื้อแบคทีเรีย,ความเสี่ยงต่ำมาก,ข้อมูลการใช้ยา Clarithromycinในสตรีให้นมบุตรมีจำกัด แต่อย่างไรก็ตามข้อมูลหลักฐานที่พบไม่ได้ระบุว่ายา Clarithromycin มีความเสี่ยงที่จะเป็นอันตรายต่อสตรีให้นมบุตร,"1. Breastfeeding Association for Promotion and Cultural and Research of. Clarithromycin. Available from: http://www.e-lactancia.org/producto/357.                                                           2. Briggs GG, Freeman RK, Yaffe SJ. Drugs in pregnancy and lactation: a reference guide to fetal and neonatal risk: Lippincott Williams & Wilkins; 2012. Available from: https://booksfree4u.tk/download-drugs-in-pregnancy-and-lactation-9th-edition-ebook-pdf-free/."
Norfloxacin,ใช้สำหรับรักษาโรคติดเชื้อที่มีสาเหตุจากเชื้อแบคทีเรีย,ความเสี่ยงต่ำมาก,ข้อมูลการใช้ยา Norfloxacinในสตรีให้นมบุตรมีจำกัด แต่อย่างไรก็ตามข้อมูลหลักฐานที่พบไม่ได้ระบุว่ายา Norfloxacin มีความเสี่ยงที่จะเป็นอันตรายต่อสตรีให้นมบุตร,"1. Breastfeeding Association for Promotion and Cultural and Research of. Norfloxacin. Available from: http://www.e-lactancia.org/producto/1130.                                                        2. Briggs GG, Freeman RK, Yaffe SJ. Drugs in pregnancy and lactation: a reference guide to fetal and neonatal risk: Lippincott Williams & Wilkins; 2012. Available from: https://booksfree4u.tk/download-drugs-in-pregnancy-and-lactation-9th-edition-ebook-pdf-free/."
Ofloxacin,ใช้สำหรับรักษาโรคติดเชื้อที่มีสาเหตุจากเชื้อแบคทีเรีย,ความเสี่ยงต่ำมาก,ข้อมูลการใช้ยา Ofloxacinในสตรีให้นมบุตรมีจำกัด แต่อย่างไรก็ตามข้อมูลหลักฐานที่พบไม่ได้ระบุว่ายา Ofloxacin มีความเสี่ยงที่จะเป็นอันตรายต่อสตรีให้นมบุตร,"1. Breastfeeding Association for Promotion and Cultural and Research of. Ofloxacin. Available from: http://www.e-lactancia.org/producto/1138.                                                        2. Briggs GG, Freeman RK, Yaffe SJ. Drugs in pregnancy and lactation: a reference guide to fetal and neonatal risk: Lippincott Williams & Wilkins; 2012. Available from: https://booksfree4u.tk/download-drugs-in-pregnancy-and-lactation-9th-edition-ebook-pdf-free/."
Ciprofloxacin,ใช้สำหรับรักษาโรคติดเชื้อที่มีสาเหตุจากเชื้อแบคทีเรีย,ความเสี่ยงต่ำมาก,ควรปรึกษาแพทย์หรือเภสัชกรในการใช้ยา Ciprofloxacin เนื่องจากมีข้อมูลว่าควรหลีกเลี่ยงการใช้ยา Ciprofloxacin หากเป็นไปได้  และข้อมูลการใช้ยา Ofloxacinในสตรีให้นมบุตรมีจำกัด ถึงแม้ข้อมูลหลักฐานที่พบไม่ได้ระบุว่ายา Ofloxacin มีความเสี่ยงที่จะเป็นอันตรายต่อสตรีให้นมบุตรก็ตาม,"1. Breastfeeding Association for Promotion and Cultural and Research of. Ciprofloxacin. Available from: http://www.e-lactancia.org/producto/345.                                                         2. Organization World Health, UNICEF. Breastfeeding and maternal medication. Recommendations for drugs in the Eleventh WHO Model List of Essential Drugs. World Health Organization-UNICEF, Geneva. 2002.                                       3. Briggs GG, Freeman RK, Yaffe SJ. Drugs in pregnancy and lactation: a reference guide to fetal and neonatal risk: Lippincott Williams & Wilkins; 2012. Available from: https://booksfree4u.tk/download-drugs-in-pregnancy-and-lactation-9th-edition-ebook-pdf-free/."
Levofloxacin,ใช้สำหรับรักษาโรคติดเชื้อที่มีสาเหตุจากเชื้อแบคทีเรีย,ความเสี่ยงต่ำ,ข้อมูลการใช้ยา Levofloxacinในสตรีให้นมบุตรมีจำกัด แต่อย่างไรก็ตามข้อมูลหลักฐานที่พบไม่ได้ระบุว่ายา Levofloxacin มีความเสี่ยงที่จะเป็นอันตรายต่อสตรีให้นมบุตร,"1. Breastfeeding Association for Promotion and Cultural and Research of. Levofloxacin. Available from: http://www.e-lactancia.org/producto/924.                                                          2. Briggs GG, Freeman RK, Yaffe SJ. Drugs in pregnancy and lactation: a reference guide to fetal and neonatal risk: Lippincott Williams & Wilkins; 2012. Available from: https://booksfree4u.tk/download-drugs-in-pregnancy-and-lactation-9th-edition-ebook-pdf-free/."
Chloramphenicol,ใช้สำหรับรักษาโรคติดเชื้อที่มีสาเหตุจากเชื้อแบคทีเรีย,ความเสี่ยงสูง,ข้อมูลการใช้ยา Chloramphenicolในสตรีให้นมบุตรมีจำกัด ข้อมูลหลักฐานที่พบไม่ได้ระบุว่ายา Chloramphenicol มีความเสี่ยงที่จะเป็นอันตรายต่อสตรีให้นมบุตร  อย่างไรก็ตามควรหลีกเลี่ยงการใช้ยา Chloramphenicol หากเป็นไปได้ โดยเฉพาะหากทารกมีอายุน้อยกว่า 1 เดือน หากจำเป็นต้องใช้ควรเฝ้าระวังผลข้างเคียงที่พบในทางรก ,"1. Breastfeeding Association for Promotion and Cultural and Research of. Chloramphenicol. Available from: http://www.e-lactancia.org/producto/378.                                                         2. Organization World Health, UNICEF. Breastfeeding and maternal medication. Recommendations for drugs in the Eleventh WHO Model List of Essential Drugs. World Health Organization-UNICEF, Geneva. 2002.                                       3. Briggs GG, Freeman RK, Yaffe SJ. Drugs in pregnancy and lactation: a reference guide to fetal and neonatal risk: Lippincott Williams & Wilkins; 2012. Available from: https://booksfree4u.tk/download-drugs-in-pregnancy-and-lactation-9th-edition-ebook-pdf-free/."
Metronidazole,ใช้สำหรับรักษาโรคติดเชื้อที่มีสาเหตุจากเชื้อแบคทีเรีย,ความเสี่ยงต่ำมาก, มีข้อมูลระบุว่า ควรหลีกเลี่ยงการใช้ยา Metronidazole ถ้าเป็นไปได้ แต่หากจำเป็นต้องใช้ ควรคำนึงถึงประโยชน์จากการรักษา และควรรับประทานในขนาดรับประทานครั้งเดียว และงดให้นมบุตร 12 ชั่วโมง ,"1. Breastfeeding Association for Promotion and Cultural and Research of. Metronidazole. Available from: http://www.e-lactancia.org/producto/1041.                                                         2. Organization World Health, UNICEF. Breastfeeding and maternal medication. Recommendations for drugs in the Eleventh WHO Model List of Essential Drugs. World Health Organization-UNICEF, Geneva. 2002.                                       3. Briggs GG, Freeman RK, Yaffe SJ. Drugs in pregnancy and lactation: a reference guide to fetal and neonatal risk: Lippincott Williams & Wilkins; 2012. Available from: https://booksfree4u.tk/download-drugs-in-pregnancy-and-lactation-9th-edition-ebook-pdf-free/."
Clindamycin,ใช้สำหรับรักษาโรคติดเชื้อที่มีสาเหตุจากเชื้อแบคทีเรีย,ความเสี่ยงต่ำ,ควรหลีกเลี่ยงการใช้ยา Clindamycin หากเป็นไปได้ หากจำเป็นต้องใช้ควรเฝ้าระวังผลข้างเคียงที่อาจพบในทารก,"1. Breastfeeding Association for Promotion and Cultural and Research of. Clindamycin. Available from: http://www.e-lactancia.org/producto/360.                                                           2. Organization World Health, UNICEF. Breastfeeding and maternal medication. Recommendations for drugs in the Eleventh WHO Model List of Essential Drugs. World Health Organization-UNICEF, Geneva. 2002."
Lincomycin,ใช้สำหรับรักษาโรคติดเชื้อที่มีสาเหตุจากเชื้อแบคทีเรีย,ความเสี่ยงต่ำมาก,,Breastfeeding Association for Promotion and Cultural and Research of. Lincomycin. Available from: http://www.e-lactancia.org/producto/937.                                                          
Nitrofurantoin,ใช้สำหรับรักษาโรคติดเชื้อที่มีสาเหตุจากเชื้อแบคทีเรีย,ความเสี่ยงต่ำมาก,ข้อมูลการใช้ยา Nitrofurantoinในสตรีให้นมบุตรมีจำกัด แต่อย่างไรก็ตามข้อมูลหลักฐานที่พบไม่ได้ระบุว่ายา Nitrofurantoin มีความเสี่ยงที่จะเป็นอันตรายต่อสตรีให้นมบุตร และมีข้อมูลว่ายา Nitrofurantoin สามารถใช้ในสตรีให้นมบุตร แต่ควรหลีกเลี่ยงการใช้ยา Nitrofurantoin หากทารกเป็นโรค G6PD หรือเป็นทารกแรกเกิด หรือทารกมีอายุน้อยกว่า 1 เดือน และควรทำการเฝ้าระวังผลข้างเคียงที่เกิดกับทารก ,"1. Breastfeeding Association for Promotion and Cultural and Research of. Nitrofurantoin. Available from: http://www.e-lactancia.org/producto/1120.                                                       2. Organization World Health, UNICEF. Breastfeeding and maternal medication. Recommendations for drugs in the Eleventh WHO Model List of Essential Drugs. World Health Organization-UNICEF, Geneva. 2002.                                        3. Briggs GG, Freeman RK, Yaffe SJ. Drugs in pregnancy and lactation: a reference guide to fetal and neonatal risk: Lippincott Williams & Wilkins; 2012. Available from: https://booksfree4u.tk/download-drugs-in-pregnancy-and-lactation-9th-edition-ebook-pdf-free/."
Colistimethate,ใช้สำหรับรักษาโรคติดเชื้อที่มีสาเหตุจากเชื้อแบคทีเรีย,ความเสี่ยงต่ำมาก,ข้อมูลการใช้ยา Colistimethateในสตรีให้นมบุตรมีจำกัด แต่อย่างไรก็ตามข้อมูลหลักฐานที่พบไม่ได้ระบุว่ายา Colistimethate มีความเสี่ยงที่จะเป็นอันตรายต่อสตรีให้นมบุตร,"1. Breastfeeding Association for Promotion and Cultural and Research of. Colistimethate. Available from: http://www.e-lactancia.org/sinonimo/298.                                                          2. Briggs GG, Freeman RK, Yaffe SJ. Drugs in pregnancy and lactation: a reference guide to fetal and neonatal risk: Lippincott Williams & Wilkins; 2012. Available from: https://booksfree4u.tk/download-drugs-in-pregnancy-and-lactation-9th-edition-ebook-pdf-free/."
Fosfomycin,ใช้สำหรับรักษาโรคติดเชื้อที่มีสาเหตุจากเชื้อแบคทีเรีย,ความเสี่ยงต่ำมาก,ข้อมูลการใช้ยา Fosfomycinในสตรีให้นมบุตรมีจำกัด แต่อย่างไรก็ตามข้อมูลหลักฐานที่พบไม่ได้ระบุว่ายา Fosfomycin มีความเสี่ยงที่จะเป็นอันตรายต่อสตรีให้นมบุตร,"1. Breastfeeding Association for Promotion and Cultural and Research of. Fosfomycin. Available from: http://www.e-lactancia.org/producto/696.                                                          2. Briggs GG, Freeman RK, Yaffe SJ. Drugs in pregnancy and lactation: a reference guide to fetal and neonatal risk: Lippincott Williams & Wilkins; 2012. Available from: https://booksfree4u.tk/download-drugs-in-pregnancy-and-lactation-9th-edition-ebook-pdf-free/."
Vancomycin,ใช้สำหรับรักษาโรคติดเชื้อที่มีสาเหตุจากเชื้อแบคทีเรีย,ความเสี่ยงต่ำมาก,ข้อมูลการใช้ยา Vancomycinในสตรีให้นมบุตรมีจำกัด แต่อย่างไรก็ตามข้อมูลหลักฐานที่พบไม่ได้ระบุว่ายา Vancomycin มีความเสี่ยงที่จะเป็นอันตรายต่อสตรีให้นมบุตร,"1. Breastfeeding Association for Promotion and Cultural and Research of. Vancomycin. Available from: http://www.e-lactancia.org/producto/1583.                                                        2. Briggs GG, Freeman RK, Yaffe SJ. Drugs in pregnancy and lactation: a reference guide to fetal and neonatal risk: Lippincott Williams & Wilkins; 2012. Available from: https://booksfree4u.tk/download-drugs-in-pregnancy-and-lactation-9th-edition-ebook-pdf-free/."
Linezolid,ใช้สำหรับรักษาโรคติดเชื้อที่มีสาเหตุจากเชื้อแบคทีเรีย,ความเสี่ยงต่ำ, ควรปรึกษาแพทย์หรือเภสัชกรหากต้องใช้ยานี้ เนื่องจากข้อมูลการใช้ยา Linezolid ในสตรีให้นมบุตรมีน้อย ,"1. Breastfeeding Association for Promotion and Cultural and Research of. Linezolid. Available from: http://www.e-lactancia.org/producto/939.                                                          2. Briggs GG, Freeman RK, Yaffe SJ. Drugs in pregnancy and lactation: a reference guide to fetal and neonatal risk: Lippincott Williams & Wilkins; 2012. Available from: https://booksfree4u.tk/download-drugs-in-pregnancy-and-lactation-9th-edition-ebook-pdf-free/."
Fluconazole,ใช้สำหรับรักษาโรคติดเชื้อที่มีสาเหตุจากเชื้อรา,ความเสี่ยงต่ำมาก,,Breastfeeding Association for Promotion and Cultural and Research of. Fluconazole. Available from: http://www.e-lactancia.org/producto/667.
Griseofulvin,ใช้สำหรับรักษาโรคติดเชื้อที่มีสาเหตุจากเชื้อรา,ความเสี่ยงต่ำมาก,ข้อมูลการใช้ยา Griseofulvinในสตรีให้นมบุตรมีจำกัด แต่อย่างไรก็ตามข้อมูลหลักฐานที่พบไม่ได้ระบุว่ายา Griseofulvin มีความเสี่ยงที่จะเป็นอันตรายต่อสตรีให้นมบุตร,"1. Breastfeeding Association for Promotion and Cultural and Research of. Griseofulvin. Available from: http://www.e-lactancia.org/producto/759.                                                          2. Briggs GG, Freeman RK, Yaffe SJ. Drugs in pregnancy and lactation: a reference guide to fetal and neonatal risk: Lippincott Williams & Wilkins; 2012. Available from: https://booksfree4u.tk/download-drugs-in-pregnancy-and-lactation-9th-edition-ebook-pdf-free/."
Ketoconazole,ใช้สำหรับรักษาโรคติดเชื้อที่มีสาเหตุจากเชื้อรา,ความเสี่ยงต่ำมาก,ข้อมูลการใช้ยา Ketoconazoleในสตรีให้นมบุตรมีจำกัด แต่อย่างไรก็ตามข้อมูลหลักฐานที่พบไม่ได้ระบุว่ายา Ketoconazole มีความเสี่ยงที่จะเป็นอันตรายต่อสตรีให้นมบุตร,"1. Breastfeeding Association for Promotion and Cultural and Research of. Ketoconazole. Available from: http://www.e-lactancia.org/producto/890.                                                          2. Briggs GG, Freeman RK, Yaffe SJ. Drugs in pregnancy and lactation: a reference guide to fetal and neonatal risk: Lippincott Williams & Wilkins; 2012. Available from: https://booksfree4u.tk/download-drugs-in-pregnancy-and-lactation-9th-edition-ebook-pdf-free/."
Itraconazole,ใช้สำหรับรักษาโรคติดเชื้อที่มีสาเหตุจากเชื้อรา,ความเสี่ยงต่ำมาก, ควรปรึกษาแพทย์หรือเภสัชกรหากต้องใช้ยานี้ เนื่องจากข้อมูลการใช้ยา Itraconazole ในสตรีให้นมบุตรมีน้อย ,"1. Breastfeeding Association for Promotion and Cultural and Research of. Itraconazole. Available from: http://www.e-lactancia.org/producto/876.                                                           2. Briggs GG, Freeman RK, Yaffe SJ. Drugs in pregnancy and lactation: a reference guide to fetal and neonatal risk: Lippincott Williams & Wilkins; 2012. Available from: https://booksfree4u.tk/download-drugs-in-pregnancy-and-lactation-9th-edition-ebook-pdf-free/."
Voriconazole,ใช้สำหรับรักษาโรคติดเชื้อที่มีสาเหตุจากเชื้อรา,ความเสี่ยงต่ำ, ควรปรึกษาแพทย์หรือเภสัชกรหากต้องใช้ยานี้ เนื่องจากข้อมูลการใช้ยา Voriconazole ในสตรีให้นมบุตรมีน้อย ,"1. Breastfeeding Association for Promotion and Cultural and Research of. Voriconazole. Available from: http://www.e-lactancia.org/producto/1601.                                                        2. Briggs GG, Freeman RK, Yaffe SJ. Drugs in pregnancy and lactation: a reference guide to fetal and neonatal risk: Lippincott Williams & Wilkins; 2012. Available from: https://booksfree4u.tk/download-drugs-in-pregnancy-and-lactation-9th-edition-ebook-pdf-free/."
Nystatin,ใช้สำหรับรักษาโรคติดเชื้อที่มีสาเหตุจากเชื้อรา,ความเสี่ยงต่ำมาก,,Breastfeeding Association for Promotion and Cultural and Research of. Nystatin. Available from: http://www.e-lactancia.org/producto/1114.
Brompheniramine Maleate,ใช้สำหรับแก้แพ้ลดน้ำมูก,ความเสี่ยงต่ำ,ข้อมูลการใช้ยา Brompheniramine Maleateในสตรีให้นมบุตรมีจำกัด แต่อย่างไรก็ตามข้อมูลหลักฐานที่พบไม่ได้ระบุว่ายา Brompheniramine Maleate มีความเสี่ยงที่จะเป็นอันตรายต่อสตรีให้นมบุตร,"1. Breastfeeding Association for Promotion and Cultural and Research of. Brompheniramine Maleate. Available from: http://www.e-lactancia.org/producto/204.                                    2. Briggs GG, Freeman RK, Yaffe SJ. Drugs in pregnancy and lactation: a reference guide to fetal and neonatal risk: Lippincott Williams & Wilkins; 2012. Available from: https://booksfree4u.tk/download-drugs-in-pregnancy-and-lactation-9th-edition-ebook-pdf-free/."
Diphenhydramine,ใช้สำหรับแก้แพ้ลดน้ำมูก,ความเสี่ยงต่ำ,ข้อมูลการใช้ยา Diphenhydramineในสตรีให้นมบุตรมีจำกัด แต่อย่างไรก็ตามข้อมูลหลักฐานที่พบไม่ได้ระบุว่ายา Diphenhydramine มีความเสี่ยงที่จะเป็นอันตรายต่อสตรีให้นมบุตร,"1. Breastfeeding Association for Promotion and Cultural and Research of. Diphenhydramine. Available from: http://www.e-lactancia.org/producto/489.                                                          2. Briggs GG, Freeman RK, Yaffe SJ. Drugs in pregnancy and lactation: a reference guide to fetal and neonatal risk: Lippincott Williams & Wilkins; 2012. Available from: https://booksfree4u.tk/download-drugs-in-pregnancy-and-lactation-9th-edition-ebook-pdf-free/."
Hydroxyzine,ใช้สำหรับแก้แพ้ลดน้ำมูก,ความเสี่ยงต่ำมาก,ข้อมูลการใช้ยา Hydroxyzineในสตรีให้นมบุตรมีจำกัด แต่อย่างไรก็ตามข้อมูลหลักฐานที่พบไม่ได้ระบุว่ายา Hydroxyzine มีความเสี่ยงที่จะเป็นอันตรายต่อสตรีให้นมบุตร,"1. Breastfeeding Association for Promotion and Cultural and Research of. Hydroxyzine. Available from: http://www.e-lactancia.org/producto/798.                                                          2. Briggs GG, Freeman RK, Yaffe SJ. Drugs in pregnancy and lactation: a reference guide to fetal and neonatal risk: Lippincott Williams & Wilkins; 2012. Available from: https://booksfree4u.tk/download-drugs-in-pregnancy-and-lactation-9th-edition-ebook-pdf-free/."
Cetirizine,ใช้สำหรับแก้แพ้ลดน้ำมูก,ความเสี่ยงต่ำมาก,ข้อมูลการใช้ยา Cetirizineในสตรีให้นมบุตรมีจำกัด แต่อย่างไรก็ตามข้อมูลหลักฐานที่พบไม่ได้ระบุว่ายา Cetirizine มีความเสี่ยงที่จะเป็นอันตรายต่อสตรีให้นมบุตร,"1. Breastfeeding Association for Promotion and Cultural and Research of. Cetirizine. Available from: http://www.e-lactancia.org/producto/322.                                                          2. Briggs GG, Freeman RK, Yaffe SJ. Drugs in pregnancy and lactation: a reference guide to fetal and neonatal risk: Lippincott Williams & Wilkins; 2012. Available from: https://booksfree4u.tk/download-drugs-in-pregnancy-and-lactation-9th-edition-ebook-pdf-free/."
Loratadine,ใช้สำหรับแก้แพ้ลดน้ำมูก,ความเสี่ยงต่ำมาก,ข้อมูลการใช้ยา Loratadineในสตรีให้นมบุตรมีจำกัด แต่อย่างไรก็ตามข้อมูลหลักฐานที่พบไม่ได้ระบุว่ายา Loratadine มีความเสี่ยงที่จะเป็นอันตรายต่อสตรีให้นมบุตร,"1. Breastfeeding Association for Promotion and Cultural and Research of. Loratadine. Available from: http://www.e-lactancia.org/producto/952.                                                          2. Briggs GG, Freeman RK, Yaffe SJ. Drugs in pregnancy and lactation: a reference guide to fetal and neonatal risk: Lippincott Williams & Wilkins; 2012. Available from: https://booksfree4u.tk/download-drugs-in-pregnancy-and-lactation-9th-edition-ebook-pdf-free/."
Dextromethorphan,ใช้สำหรับแก้ไอ,ความเสี่ยงต่ำมาก,,Breastfeeding Association for Promotion and Cultural and Research of. Dextromethorphan. Available from: http://www.e-lactancia.org/producto/467.
Acetylcysteine,ใช้สำหรับละลายเสมหะ ,ความเสี่ยงต่ำมาก,ข้อมูลการใช้ยา Acetylcysteineในสตรีให้นมบุตรมีจำกัด แต่อย่างไรก็ตามข้อมูลหลักฐานที่พบไม่ได้ระบุว่ายาAcetylcysteine มีความเสี่ยงที่จะเป็นอันตรายต่อสตรีให้นมบุตร,"1. Breastfeeding Association for Promotion and Cultural and Research of. Acetylcysteine. Available from: http://www.e-lactancia.org/producto/12.                                                            2. Briggs GG, Freeman RK, Yaffe SJ. Drugs in pregnancy and lactation: a reference guide to fetal and neonatal risk: Lippincott Williams & Wilkins; 2012. Available from: https://booksfree4u.tk/download-drugs-in-pregnancy-and-lactation-9th-edition-ebook-pdf-free/."
Ambroxol,ใช้สำหรับละลายเสมหะ,ความเสี่ยงต่ำมาก,,Breastfeeding Association for Promotion and Cultural and Research of. Ambroxol. Available from: http://www.e-lactancia.org/producto/72.
Bromhexine,ใช้สำหรับละลายเสมหะ,ความเสี่ยงต่ำมาก,,Breastfeeding Association for Promotion and Cultural and Research of. Bromhexine. Available from: http://www.e-lactancia.org/producto/205.
Carbocisteine,ใช้สำหรับละลายเสมหะ,ความเสี่ยงต่ำมาก,,Breastfeeding Association for Promotion and Cultural and Research of. Carbocisteine. Available from: http://www.e-lactancia.org/producto/265.
Guaifenesin,ใช้สำหรับละลายเสมหะ,ความเสี่ยงต่ำ,ข้อมูลการใช้ยา Guaifenesinในสตรีให้นมบุตรมีจำกัด แต่อย่างไรก็ตามข้อมูลหลักฐานที่พบไม่ได้ระบุว่ายา Guaifenesin มีความเสี่ยงที่จะเป็นอันตรายต่อสตรีให้นมบุตร,"1. Breastfeeding Association for Promotion and Cultural and Research of. Guaifenesin. Available from: http://www.e-lactancia.org/producto/760.                                                          2. Briggs GG, Freeman RK, Yaffe SJ. Drugs in pregnancy and lactation: a reference guide to fetal and neonatal risk: Lippincott Williams & Wilkins; 2012. Available from: https://booksfree4u.tk/download-drugs-in-pregnancy-and-lactation-9th-edition-ebook-pdf-free/."
Aluminium Hydroxide,ใช้สำหรับลดกรดในกระเพาะอาหาร,ความเสี่ยงต่ำมาก,,"1. Breastfeeding Association for Promotion and Cultural and Research of. Aluminium Hydroxide. Available from: http://www.e-lactancia.org/sinonimo/43.                                      2. Organization WH, UNICEF. Breastfeeding and maternal medication. Recommendations for drugs in the Eleventh WHO Model List of Essential Drugs. World Health Organization-UNICEF, Geneva. 2002."
Magnesium Hydroxide,ใช้สำหรับลดกรดในกระเพาะอาหาร,ความเสี่ยงต่ำมาก,,"1. Breastfeeding Association for Promotion and Cultural and Research of. Magnesium Hydroxide. Available from: http://www.e-lactancia.org/producto/972.                                     2. Organization WH, UNICEF. Breastfeeding and maternal medication. Recommendations for drugs in the Eleventh WHO Model List of Essential Drugs. World Health Organization-UNICEF, Geneva. 2002."
Domperidone,ใช้สำหรับบรรเทาอาการคลื่นไส้อาเจียน,ความเสี่ยงต่ำมาก,ข้อมูลการใช้ยา Domperidoneในสตรีให้นมบุตรมีจำกัด แต่อย่างไรก็ตามข้อมูลหลักฐานที่พบไม่ได้ระบุว่ายา Domperidone มีความเสี่ยงที่จะเป็นอันตรายต่อสตรีให้นมบุตร,"1. Breastfeeding Association for Promotion and Cultural and Research of. Domperidone. Available from: htthttp://www.e-lactancia.org/producto/521.                                                          2. Briggs GG, Freeman RK, Yaffe SJ. Drugs in pregnancy and lactation: a reference guide to fetal and neonatal risk: Lippincott Williams & Wilkins; 2012. Available from: https://booksfree4u.tk/download-drugs-in-pregnancy-and-lactation-9th-edition-ebook-pdf-free/."
Metoclopramide,ใช้สำหรับบรรเทาอาการคลื่นไส้อาเจียน,ความเสี่ยงต่ำมาก,ควรปรึกษาแพทย์หรือเภสัชกรในการใช้ยา Metoclopamide เนื่องจากมีข้อมูลการใช้ยา Metoclopamide จำกัด และมีข้อมูลระบุว่าควรหลีกเลี่ยงการใช้ยานี้ในสตรีให้นมบุตร,"1. Breastfeeding Association for Promotion and Cultural and Research of. Metoclopramide. Available from: http://www.e-lactancia.org/producto/1032.                                                       2. Organization World Health, UNICEF. Breastfeeding and maternal medication. Recommendations for drugs in the Eleventh WHO Model List of Essential Drugs. World Health Organization-UNICEF, Geneva. 2002.                                      3. Briggs GG, Freeman RK, Yaffe SJ. Drugs in pregnancy and lactation: a reference guide to fetal and neonatal risk: Lippincott Williams & Wilkins; 2012. Available from: https://booksfree4u.tk/download-drugs-in-pregnancy-and-lactation-9th-edition-ebook-pdf-free/."
Hyoscine Butylbromide,ใช้สำหรับบรรเทาอาการปวดเกร็งในช่องท้อง,ความเสี่ยงต่ำ,,Breastfeeding Association for Promotion and Cultural and Research of. Hyoscine Butylbromide. Available from: http://www.e-lactancia.org/sinonimo/432.
Omeprazole,ใช้สำหรับยับยั้งการหลั่งกรดในกระเพาะอาหาร,ความเสี่ยงต่ำมาก,ควรปรึกษาแพทย์หรือเภสัชกรในการใช้ยา Omeprazole เนื่องจากมีข้อมูลการใช้ยา Omeprazole จำกัด และมีข้อมูลระบุว่าควรหลีกเลี่ยงการใช้ยานี้ในสตรีให้นมบุตร,"1. Breastfeeding Association for Promotion and Cultural and Research of. Omeprazole. Available from: http://www.e-lactancia.org/producto/1145.                                                       2. Briggs GG, Freeman RK, Yaffe SJ. Drugs in pregnancy and lactation: a reference guide to fetal and neonatal risk: Lippincott Williams & Wilkins; 2012. Available from: https://booksfree4u.tk/download-drugs-in-pregnancy-and-lactation-9th-edition-ebook-pdf-free/."
Pantoprazole,ใช้สำหรับยับยั้งการหลั่งกรดในกระเพาะอาหาร,ความเสี่ยงต่ำมาก,ข้อมูลการใช้ยา Pantoprazoleในสตรีให้นมบุตรมีจำกัด แต่อย่างไรก็ตามข้อมูลหลักฐานที่พบไม่ได้ระบุว่ายา Pantoprazole มีความเสี่ยงที่จะเป็นอันตรายต่อสตรีให้นมบุตร,"1. Breastfeeding Association for Promotion and Cultural and Research of. Pantoprazole. Available from: http://www.e-lactancia.org/producto/1175.                                                        2. Briggs GG, Freeman RK, Yaffe SJ. Drugs in pregnancy and lactation: a reference guide to fetal and neonatal risk: Lippincott Williams & Wilkins; 2012. Available from: https://booksfree4u.tk/download-drugs-in-pregnancy-and-lactation-9th-edition-ebook-pdf-free/."
Esomeprazole,ใช้สำหรับยับยั้งการหลั่งกรดในกระเพาะอาหาร,ความเสี่ยงต่ำมาก,ควรปรึกษาแพทย์หรือเภสัชกรในการใช้ยา Esomeprazole เนื่องจากมีข้อมูลการใช้ยา Esomeprazole จำกัด และมีข้อมูลระบุว่าควรหลีกเลี่ยงการใช้ยานี้ในสตรีให้นมบุตร,"1. Breastfeeding Association for Promotion and Cultural and Research of. Esomeprazole. Available from: http://www.e-lactancia.org/producto/585.                                                          2. Briggs GG, Freeman RK, Yaffe SJ. Drugs in pregnancy and lactation: a reference guide to fetal and neonatal risk: Lippincott Williams & Wilkins; 2012. Available from: https://booksfree4u.tk/download-drugs-in-pregnancy-and-lactation-9th-edition-ebook-pdf-free/."
Lansoprazole,ใช้สำหรับยับยั้งการหลั่งกรดในกระเพาะอาหาร,ความเสี่ยงต่ำมาก,ควรปรึกษาแพทย์หรือเภสัชกรในการใช้ยา Lansoprazole เนื่องจากมีข้อมูลการใช้ยา Lansoprazole จำกัด และมีข้อมูลระบุว่าควรหลีกเลี่ยงการใช้ยานี้ในสตรีให้นมบุตร,"1. Breastfeeding Association for Promotion and Cultural and Research of. Lansoprazole. Available from: http://www.e-lactancia.org/producto/904.                                                           2. Briggs GG, Freeman RK, Yaffe SJ. Drugs in pregnancy and lactation: a reference guide to fetal and neonatal risk: Lippincott Williams & Wilkins; 2012. Available from: https://booksfree4u.tk/download-drugs-in-pregnancy-and-lactation-9th-edition-ebook-pdf-free/."
Ranitidine,ใช้สำหรับยับยั้งการหลั่งกรดในกระเพาะอาหาร,ความเสี่ยงต่ำมาก,ข้อมูลการใช้ยา Ranitidine ในสตรีให้นมบุตรมีจำกัด แต่อย่างไรก็ตามข้อมูลหลักฐานที่พบไม่ได้ระบุว่ายา Ranitidine มีความเสี่ยงที่จะเป็นอันตรายต่อสตรีให้นมบุตร,"1. Breastfeeding Association for Promotion and Cultural and Research of. Ranitidine. Available from: http://www.e-lactancia.org/producto/1319.                                                        2. Briggs GG, Freeman RK, Yaffe SJ. Drugs in pregnancy and lactation: a reference guide to fetal and neonatal risk: Lippincott Williams & Wilkins; 2012. Available from: https://booksfree4u.tk/download-drugs-in-pregnancy-and-lactation-9th-edition-ebook-pdf-free/."
Famotidine,ใช้สำหรับยับยั้งการหลั่งกรดในกระเพาะอาหาร,ความเสี่ยงต่ำมาก,ข้อมูลการใช้ยา Famotidine ในสตรีให้นมบุตรมีจำกัด แต่อย่างไรก็ตามข้อมูลหลักฐานที่พบไม่ได้ระบุว่ายา Famotidine มีความเสี่ยงที่จะเป็นอันตรายต่อสตรีให้นมบุตร,"1. Breastfeeding Association for Promotion and Cultural and Research of. Famotidine. Available from: http://www.e-lactancia.org/producto/629.                                                          2. Briggs GG, Freeman RK, Yaffe SJ. Drugs in pregnancy and lactation: a reference guide to fetal and neonatal risk: Lippincott Williams & Wilkins; 2012. Available from: https://booksfree4u.tk/download-drugs-in-pregnancy-and-lactation-9th-edition-ebook-pdf-free/."
Sucralfate,ใช้สำหรับรักษาและป้องกันการเกิดแผลในกระเพาะอาหารและลำไส้เล็ก,ความเสี่ยงต่ำมาก,ข้อมูลการใช้ยา Sucralfate ในสตรีให้นมบุตรมีจำกัด แต่อย่างไรก็ตามข้อมูลหลักฐานที่พบไม่ได้ระบุว่ายา Sucralfate มีความเสี่ยงที่จะเป็นอันตรายต่อสตรีให้นมบุตร,"1. Breastfeeding Association for Promotion and Cultural and Research of. Sucralfate. Available from: http://www.e-lactancia.org/producto/1411.                                                        2. Briggs GG, Freeman RK, Yaffe SJ. Drugs in pregnancy and lactation: a reference guide to fetal and neonatal risk: Lippincott Williams & Wilkins; 2012. Available from: https://booksfree4u.tk/download-drugs-in-pregnancy-and-lactation-9th-edition-ebook-pdf-free/."
Oral rehydration salt formulations,ใช้สำหรับดื่มทดแทนน้ำในร่างกายที่เสียไป เพราะอาการท้องร่วง หรืออาเจียนมาก,ความเสี่ยงต่ำมาก,,Breastfeeding Association for Promotion and Cultural and Research of. Oral rehydration salt formulations. Available from: http://www.e-lactancia.org/producto/1404.
Loperamide,ใช้สำหรับบรรเทาอาการท้องเสีย,ความเสี่ยงต่ำมาก,ข้อมูลการใช้ยา Loperamide ในสตรีให้นมบุตรมีจำกัด แต่อย่างไรก็ตามข้อมูลหลักฐานที่พบไม่ได้ระบุว่ายา Loperamide มีความเสี่ยงที่จะเป็นอันตรายต่อสตรีให้นมบุตร,"1. Breastfeeding Association for Promotion and Cultural and Research of. Loperamide. Available from: http://www.e-lactancia.org/producto/949.                                                          2. Briggs GG, Freeman RK, Yaffe SJ. Drugs in pregnancy and lactation: a reference guide to fetal and neonatal risk: Lippincott Williams & Wilkins; 2012. Available from: https://booksfree4u.tk/download-drugs-in-pregnancy-and-lactation-9th-edition-ebook-pdf-free/."
Bisacodyl,ใช้สำหรับบรรเทาอาการท้องผูก,ความเสี่ยงต่ำมาก,ข้อมูลการใช้ยา Bisacodyl ในสตรีให้นมบุตรมีจำกัด แต่อย่างไรก็ตามข้อมูลหลักฐานที่พบไม่ได้ระบุว่ายา Bisacodyl มีความเสี่ยงที่จะเป็นอันตรายต่อสตรีให้นมบุตร,"1. Breastfeeding Association for Promotion and Cultural and Research of. Bisacodyl. Available from: http://www.e-lactancia.org/producto/189.                                                          2. Briggs GG, Freeman RK, Yaffe SJ. Drugs in pregnancy and lactation: a reference guide to fetal and neonatal risk: Lippincott Williams & Wilkins; 2012. Available from: https://booksfree4u.tk/download-drugs-in-pregnancy-and-lactation-9th-edition-ebook-pdf-free/."
Castor Oil,ใช้สำหรับบรรเทาอาการท้องผูก,ความเสี่ยงสูง,ควรปรึกษาแพทย์หรือเภสัชกรในการใช้ยา Castor Oil เนื่องจากมีข้อมูลการใช้ยา Castor Oil จำกัด และมีข้อมูลระบุว่าควรหลีกเลี่ยงการใช้ยานี้ในสตรีให้นมบุตร,"1. Breastfeeding Association for Promotion and Cultural and Research of. Castor Oil. Available from: http://www.e-lactancia.org/producto/1337.                                                        2. Briggs GG, Freeman RK, Yaffe SJ. Drugs in pregnancy and lactation: a reference guide to fetal and neonatal risk: Lippincott Williams & Wilkins; 2012. Available from: https://booksfree4u.tk/download-drugs-in-pregnancy-and-lactation-9th-edition-ebook-pdf-free/."
Isphagula,ใช้สำหรับบรรเทาอาการท้องผูก,ความเสี่ยงต่ำมาก,,Breastfeeding Association for Promotion and Cultural and Research of. Isphagula. Available from: http://www.e-lactancia.org/producto/874.
Senna,ใช้สำหรับบรรเทาอาการท้องผูก,ความเสี่ยงต่ำมาก,,Breastfeeding Association for Promotion and Cultural and Research of. Senna. Available from: http://www.e-lactancia.org/producto/1377.
Magnesium Hydroxide,ใช้สำหรับบรรเทาอาการท้องผูก,ความเสี่ยงต่ำมาก,,Breastfeeding Association for Promotion and Cultural and Research of. Magnesium Hydroxide. Available from: http://www.e-lactancia.org/producto/972.
Magnesium Sulfate,ใช้สำหรับบรรเทาอาการท้องผูก,ความเสี่ยงต่ำมาก,,Breastfeeding Association for Promotion and Cultural and Research of. Magnesium Sulfate. Available from: http://www.e-lactancia.org/producto/973.
Lactulose,ใช้สำหรับบรรเทาอาการท้องผูก,ความเสี่ยงต่ำมาก,ข้อมูลการใช้ยา Lactulose ในสตรีให้นมบุตรมีจำกัด แต่อย่างไรก็ตามข้อมูลหลักฐานที่พบไม่ได้ระบุว่ายา Lactulose มีความเสี่ยงที่จะเป็นอันตรายต่อสตรีให้นมบุตร,"1. Breastfeeding Association for Promotion and Cultural and Research of. Lactulose. Available from: http://www.e-lactancia.org/producto/898.                                                          2. Briggs GG, Freeman RK, Yaffe SJ. Drugs in pregnancy and lactation: a reference guide to fetal and neonatal risk: Lippincott Williams & Wilkins; 2012. Available from: https://booksfree4u.tk/download-drugs-in-pregnancy-and-lactation-9th-edition-ebook-pdf-free/."
BELARA (Ethinylestradiol + Chlormadinone acetate),ใช้สำหรับคุมกำเนิด,ความเสี่ยงต่ำ,มีข้อมูลว่าควรหลีกเลี่ยงการใช้ยาใน 6 สัปดาห์แรกหลังคลอดบุตร ควรปรึกษาแพทย์หรือเภสัชกรก่อนใช้ยา หรือใช้การคุมกำเนิดด้วยวิธีอื่นแทน,"1. Breastfeeding Association for Promotion and Cultural and Research of. Lactulose. Available from: http://www.e-lactancia.org/producto/1728                                                        2. Organization World Health, UNICEF. Breastfeeding and maternal medication. Recommendations for drugs in the Eleventh WHO Model List of Essential Drugs. World Health Organization-UNICEF, Geneva. 2002. "
B-LADY (Cyproterone acetate + Ethinylestradiol),ใช้สำหรับคุมกำเนิด,ไม่พบข้อมูล,มีข้อมูลว่าควรหลีกเลี่ยงการใช้ยาใน 6 สัปดาห์แรกหลังคลอดบุตร ควรปรึกษาแพทย์หรือเภสัชกรก่อนใช้ยา หรือใช้การคุมกำเนิดด้วยวิธีอื่นแทน,"1. Organization World Health, UNICEF. Breastfeeding and maternal medication. Recommendations for drugs in the Eleventh WHO Model List of Essential Drugs. World Health Organization-UNICEF, Geneva. 2002. "
CERAZETTE (Desogestrel),ใช้สำหรับคุมกำเนิด,ความเสี่ยงต่ำมาก,มีข้อมูลว่าควรหลีกเลี่ยงการใช้ยาใน 6 สัปดาห์แรกหลังคลอดบุตร ควรปรึกษาแพทย์หรือเภสัชกรก่อนใช้ยา หรือใช้การคุมกำเนิดด้วยวิธีอื่นแทน,"1. Breastfeeding Association for Promotion and Cultural and Research of. Lactulose. Available from: http://www.e-lactancia.org/producto/457                                                           2. Organization World Health, UNICEF. Breastfeeding and maternal medication. Recommendations for drugs in the Eleventh WHO Model List of Essential Drugs. World Health Organization-UNICEF, Geneva. 2002. "
CHARIVA (Ethinylestradiol + Chlormadinone acetate),ใช้สำหรับคุมกำเนิด,ความเสี่ยงต่ำ,มีข้อมูลว่าควรหลีกเลี่ยงการใช้ยาใน 6 สัปดาห์แรกหลังคลอดบุตร ควรปรึกษาแพทย์หรือเภสัชกรก่อนใช้ยา หรือใช้การคุมกำเนิดด้วยวิธีอื่นแทน,"1. Breastfeeding Association for Promotion and Cultural and Research of. Lactulose. Available from: http://www.e-lactancia.org/producto/1728                                                        2. Organization World Health, UNICEF. Breastfeeding and maternal medication. Recommendations for drugs in the Eleventh WHO Model List of Essential Drugs. World Health Organization-UNICEF, Geneva. 2002. "
CILEST (Ethinylestradiol + Norgestimate),ใช้สำหรับคุมกำเนิด,ไม่พบข้อมูล,มีข้อมูลว่าควรหลีกเลี่ยงการใช้ยาใน 6 สัปดาห์แรกหลังคลอดบุตร ควรปรึกษาแพทย์หรือเภสัชกรก่อนใช้ยา หรือใช้การคุมกำเนิดด้วยวิธีอื่นแทน,"1. Organization World Health, UNICEF. Breastfeeding and maternal medication. Recommendations for drugs in the Eleventh WHO Model List of Essential Drugs. World Health Organization-UNICEF, Geneva. 2002. "
CLEO (Ethinylestradiol + Levonorgestrel),ใช้สำหรับคุมกำเนิด,ความเสี่ยงต่ำ,มีข้อมูลว่าควรหลีกเลี่ยงการใช้ยาใน 6 สัปดาห์แรกหลังคลอดบุตร ควรปรึกษาแพทย์หรือเภสัชกรก่อนใช้ยา หรือใช้การคุมกำเนิดด้วยวิธีอื่นแทน,"1. Breastfeeding Association for Promotion and Cultural and Research of. Lactulose. Available from: http://www.e-lactancia.org/producto/1725                                                         2. Organization World Health, UNICEF. Breastfeeding and maternal medication. Recommendations for drugs in the Eleventh WHO Model List of Essential Drugs. World Health Organization-UNICEF, Geneva. 2002. "
DAFNE 35  (Cyproterone acetate + Ethinylestradiol),ใช้สำหรับคุมกำเนิด,ไม่พบข้อมูล,มีข้อมูลว่าควรหลีกเลี่ยงการใช้ยาใน 6 สัปดาห์แรกหลังคลอดบุตร ควรปรึกษาแพทย์หรือเภสัชกรก่อนใช้ยา หรือใช้การคุมกำเนิดด้วยวิธีอื่นแทน,"1. Organization World Health, UNICEF. Breastfeeding and maternal medication. Recommendations for drugs in the Eleventh WHO Model List of Essential Drugs. World Health Organization-UNICEF, Geneva. 2002. "
DAILYTON (Lynestrenol),ใช้สำหรับคุมกำเนิด,ไม่พบข้อมูล,มีข้อมูลว่าควรหลีกเลี่ยงการใช้ยาใน 6 สัปดาห์แรกหลังคลอดบุตร ควรปรึกษาแพทย์หรือเภสัชกรก่อนใช้ยา หรือใช้การคุมกำเนิดด้วยวิธีอื่นแทน,"1. Organization World Health, UNICEF. Breastfeeding and maternal medication. Recommendations for drugs in the Eleventh WHO Model List of Essential Drugs. World Health Organization-UNICEF, Geneva. 2002. "
EXLUTON (Lynestrenol),ใช้สำหรับคุมกำเนิด,ไม่พบข้อมูล,มีข้อมูลว่าควรหลีกเลี่ยงการใช้ยาใน 6 สัปดาห์แรกหลังคลอดบุตร ควรปรึกษาแพทย์หรือเภสัชกรก่อนใช้ยา หรือใช้การคุมกำเนิดด้วยวิธีอื่นแทน,"1. Organization World Health, UNICEF. Breastfeeding and maternal medication. Recommendations for drugs in the Eleventh WHO Model List of Essential Drugs. World Health Organization-UNICEF, Geneva. 2002. "
FEMINE 30 (Ethinylestradiol + Desogestrel),ใช้สำหรับคุมกำเนิด,ความเสี่ยงต่ำ,มีข้อมูลว่าควรหลีกเลี่ยงการใช้ยาใน 6 สัปดาห์แรกหลังคลอดบุตร ควรปรึกษาแพทย์หรือเภสัชกรก่อนใช้ยา หรือใช้การคุมกำเนิดด้วยวิธีอื่นแทน,"1. Breastfeeding Association for Promotion and Cultural and Research of. Lactulose. Available from: http://www.e-lactancia.org/producto/609                                                            2. Organization World Health, UNICEF. Breastfeeding and maternal medication. Recommendations for drugs in the Eleventh WHO Model List of Essential Drugs. World Health Organization-UNICEF, Geneva. 2002. "
GOVANA ED (Ethinylestradiol + Gestodene),ใช้สำหรับคุมกำเนิด,ไม่พบข้อมูล,มีข้อมูลว่าควรหลีกเลี่ยงการใช้ยาใน 6 สัปดาห์แรกหลังคลอดบุตร ควรปรึกษาแพทย์หรือเภสัชกรก่อนใช้ยา หรือใช้การคุมกำเนิดด้วยวิธีอื่นแทน,"1. Organization World Health, UNICEF. Breastfeeding and maternal medication. Recommendations for drugs in the Eleventh WHO Model List of Essential Drugs. World Health Organization-UNICEF, Geneva. 2002. "
GYNERA (Ethinylestradiol + Gestodene),ใช้สำหรับคุมกำเนิด,ไม่พบข้อมูล,มีข้อมูลว่าควรหลีกเลี่ยงการใช้ยาใน 6 สัปดาห์แรกหลังคลอดบุตร ควรปรึกษาแพทย์หรือเภสัชกรก่อนใช้ยา หรือใช้การคุมกำเนิดด้วยวิธีอื่นแทน,"1. Organization World Health, UNICEF. Breastfeeding and maternal medication. Recommendations for drugs in the Eleventh WHO Model List of Essential Drugs. World Health Organization-UNICEF, Geneva. 2002. "
GYNERA ED (Ethinylestradiol + Gestodene),ใช้สำหรับคุมกำเนิด,ไม่พบข้อมูล,มีข้อมูลว่าควรหลีกเลี่ยงการใช้ยาใน 6 สัปดาห์แรกหลังคลอดบุตร ควรปรึกษาแพทย์หรือเภสัชกรก่อนใช้ยา หรือใช้การคุมกำเนิดด้วยวิธีอื่นแทน,"1. Organization World Health, UNICEF. Breastfeeding and maternal medication. Recommendations for drugs in the Eleventh WHO Model List of Essential Drugs. World Health Organization-UNICEF, Geneva. 2002. "
LINDYNETTE (Ethinylestradiol + Gestodene),ใช้สำหรับคุมกำเนิด,ไม่พบข้อมูล,มีข้อมูลว่าควรหลีกเลี่ยงการใช้ยาใน 6 สัปดาห์แรกหลังคลอดบุตร ควรปรึกษาแพทย์หรือเภสัชกรก่อนใช้ยา หรือใช้การคุมกำเนิดด้วยวิธีอื่นแทน,"1. Organization World Health, UNICEF. Breastfeeding and maternal medication. Recommendations for drugs in the Eleventh WHO Model List of Essential Drugs. World Health Organization-UNICEF, Geneva. 2002. "
MADONNA  (Levonorgestrel),ใช้สำหรับคุมกำเนิด,Very low risk,มีข้อมูลว่าควรหลีกเลี่ยงการใช้ยาใน 6 สัปดาห์แรกหลังคลอดบุตร ควรปรึกษาแพทย์หรือเภสัชกรก่อนใช้ยา หรือใช้การคุมกำเนิดด้วยวิธีอื่นแทน,"1. Breastfeeding Association for Promotion and Cultural and Research of. Lactulose. Available from: http://www.e-lactancia.org/producto/927                                                           2. Organization World Health, UNICEF. Breastfeeding and maternal medication. Recommendations for drugs in the Eleventh WHO Model List of Essential Drugs. World Health Organization-UNICEF, Geneva. 2002. "
MANOANE (Cyproterone acetate + Ethinylestradiol),ใช้สำหรับคุมกำเนิด,ไม่พบข้อมูล,มีข้อมูลว่าควรหลีกเลี่ยงการใช้ยาใน 6 สัปดาห์แรกหลังคลอดบุตร ควรปรึกษาแพทย์หรือเภสัชกรก่อนใช้ยา หรือใช้การคุมกำเนิดด้วยวิธีอื่นแทน,"1. Organization World Health, UNICEF. Breastfeeding and maternal medication. Recommendations for drugs in the Eleventh WHO Model List of Essential Drugs. World Health Organization-UNICEF, Geneva. 2002. "
MARVELON 21 (Ethinylestradiol + Desogestrel),ใช้สำหรับคุมกำเนิด,ความเสี่ยงต่ำ,มีข้อมูลว่าควรหลีกเลี่ยงการใช้ยาใน 6 สัปดาห์แรกหลังคลอดบุตร ควรปรึกษาแพทย์หรือเภสัชกรก่อนใช้ยา หรือใช้การคุมกำเนิดด้วยวิธีอื่นแทน,"1. Breastfeeding Association for Promotion and Cultural and Research of. Lactulose. Available from: http://www.e-lactancia.org/producto/609                                                           2. Organization World Health, UNICEF. Breastfeeding and maternal medication. Recommendations for drugs in the Eleventh WHO Model List of Essential Drugs. World Health Organization-UNICEF, Geneva. 2002. "
MARVELON 28 (Ethinylestradiol + Desogestrel),ใช้สำหรับคุมกำเนิด,ความเสี่ยงต่ำ,มีข้อมูลว่าควรหลีกเลี่ยงการใช้ยาใน 6 สัปดาห์แรกหลังคลอดบุตร ควรปรึกษาแพทย์หรือเภสัชกรก่อนใช้ยา หรือใช้การคุมกำเนิดด้วยวิธีอื่นแทน,"1. Breastfeeding Association for Promotion and Cultural and Research of. Lactulose. Available from: http://www.e-lactancia.org/producto/609                                                           2. Organization World Health, UNICEF. Breastfeeding and maternal medication. Recommendations for drugs in the Eleventh WHO Model List of Essential Drugs. World Health Organization-UNICEF, Geneva. 2002. "
MELIANE (Ethinylestradiol + Gestodene),ใช้สำหรับคุมกำเนิด,ไม่พบข้อมูล,มีข้อมูลว่าควรหลีกเลี่ยงการใช้ยาใน 6 สัปดาห์แรกหลังคลอดบุตร ควรปรึกษาแพทย์หรือเภสัชกรก่อนใช้ยา หรือใช้การคุมกำเนิดด้วยวิธีอื่นแทน,"1. Organization World Health, UNICEF. Breastfeeding and maternal medication. Recommendations for drugs in the Eleventh WHO Model List of Essential Drugs. World Health Organization-UNICEF, Geneva. 2002. "
MELIANE ED (Ethinylestradiol + Gestodene),ใช้สำหรับคุมกำเนิด,ไม่พบข้อมูล,มีข้อมูลว่าควรหลีกเลี่ยงการใช้ยาใน 6 สัปดาห์แรกหลังคลอดบุตร ควรปรึกษาแพทย์หรือเภสัชกรก่อนใช้ยา หรือใช้การคุมกำเนิดด้วยวิธีอื่นแทน,"1. Organization World Health, UNICEF. Breastfeeding and maternal medication. Recommendations for drugs in the Eleventh WHO Model List of Essential Drugs. World Health Organization-UNICEF, Geneva. 2002. "
MELODIA (Ethinylestradiol + Drospirenone),ใช้สำหรับคุมกำเนิด,ความเสี่ยงต่ำ,มีข้อมูลว่าควรหลีกเลี่ยงการใช้ยาใน 6 สัปดาห์แรกหลังคลอดบุตร ควรปรึกษาแพทย์หรือเภสัชกรก่อนใช้ยา หรือใช้การคุมกำเนิดด้วยวิธีอื่นแทน,"1. Breastfeeding Association for Promotion and Cultural and Research of. Lactulose. Available from: http://www.e-lactancia.org/producto/610                                                           2. Organization World Health, UNICEF. Breastfeeding and maternal medication. Recommendations for drugs in the Eleventh WHO Model List of Essential Drugs. World Health Organization-UNICEF, Geneva. 2002. "
MERCILON 21 (Ethinylestradiol + Desogestrel),ใช้สำหรับคุมกำเนิด,ความเสี่ยงต่ำ,มีข้อมูลว่าควรหลีกเลี่ยงการใช้ยาใน 6 สัปดาห์แรกหลังคลอดบุตร ควรปรึกษาแพทย์หรือเภสัชกรก่อนใช้ยา หรือใช้การคุมกำเนิดด้วยวิธีอื่นแทน,"1. Breastfeeding Association for Promotion and Cultural and Research of. Lactulose. Available from: http://www.e-lactancia.org/producto/609                                                           2. Organization World Health, UNICEF. Breastfeeding and maternal medication. Recommendations for drugs in the Eleventh WHO Model List of Essential Drugs. World Health Organization-UNICEF, Geneva. 2002. "
MERCILON 28 (Ethinylestradiol + Desogestrel),ใช้สำหรับคุมกำเนิด,ความเสี่ยงต่ำ,มีข้อมูลว่าควรหลีกเลี่ยงการใช้ยาใน 6 สัปดาห์แรกหลังคลอดบุตร ควรปรึกษาแพทย์หรือเภสัชกรก่อนใช้ยา หรือใช้การคุมกำเนิดด้วยวิธีอื่นแทน,"1. Breastfeeding Association for Promotion and Cultural and Research of. Lactulose. Available from: http://www.e-lactancia.org/producto/609                                                           2. Organization World Health, UNICEF. Breastfeeding and maternal medication. Recommendations for drugs in the Eleventh WHO Model List of Essential Drugs. World Health Organization-UNICEF, Geneva. 2002. "
MICROGYNON 30 ED (Ethinylestradiol + Levonorgestrel),ใช้สำหรับคุมกำเนิด,ความเสี่ยงต่ำ,มีข้อมูลว่าควรหลีกเลี่ยงการใช้ยาใน 6 สัปดาห์แรกหลังคลอดบุตร ควรปรึกษาแพทย์หรือเภสัชกรก่อนใช้ยา หรือใช้การคุมกำเนิดด้วยวิธีอื่นแทน,"1. Breastfeeding Association for Promotion and Cultural and Research of. Lactulose. Available from: http://www.e-lactancia.org/producto/1725                                                        2. Organization World Health, UNICEF. Breastfeeding and maternal medication. Recommendations for drugs in the Eleventh WHO Model List of Essential Drugs. World Health Organization-UNICEF, Geneva. 2002. "
MILLY 21 (Ethinylestradiol + Levonorgestrel),ใช้สำหรับคุมกำเนิด,ความเสี่ยงต่ำ,มีข้อมูลว่าควรหลีกเลี่ยงการใช้ยาใน 6 สัปดาห์แรกหลังคลอดบุตร ควรปรึกษาแพทย์หรือเภสัชกรก่อนใช้ยา หรือใช้การคุมกำเนิดด้วยวิธีอื่นแทน,"1. Breastfeeding Association for Promotion and Cultural and Research of. Lactulose. Available from: http://www.e-lactancia.org/producto/1725                                                        2. Organization World Health, UNICEF. Breastfeeding and maternal medication. Recommendations for drugs in the Eleventh WHO Model List of Essential Drugs. World Health Organization-UNICEF, Geneva. 2002. "
MILLY 28 (Ethinylestradiol + Levonorgestrel),ใช้สำหรับคุมกำเนิด,ความเสี่ยงต่ำ,มีข้อมูลว่าควรหลีกเลี่ยงการใช้ยาใน 6 สัปดาห์แรกหลังคลอดบุตร ควรปรึกษาแพทย์หรือเภสัชกรก่อนใช้ยา หรือใช้การคุมกำเนิดด้วยวิธีอื่นแทน,"1. Breastfeeding Association for Promotion and Cultural and Research of. Lactulose. Available from: http://www.e-lactancia.org/producto/1725                                                        2. Organization World Health, UNICEF. Breastfeeding and maternal medication. Recommendations for drugs in the Eleventh WHO Model List of Essential Drugs. World Health Organization-UNICEF, Geneva. 2002. "
MINIDOS (Ethinylestradiol + Gestodene),ใช้สำหรับคุมกำเนิด,ไม่พบข้อมูล,มีข้อมูลว่าควรหลีกเลี่ยงการใช้ยาใน 6 สัปดาห์แรกหลังคลอดบุตร ควรปรึกษาแพทย์หรือเภสัชกรก่อนใช้ยา หรือใช้การคุมกำเนิดด้วยวิธีอื่นแทน,"1. Organization World Health, UNICEF. Breastfeeding and maternal medication. Recommendations for drugs in the Eleventh WHO Model List of Essential Drugs. World Health Organization-UNICEF, Geneva. 2002. "
MINNY  (Ethinylestradiol + Desogestrel),ใช้สำหรับคุมกำเนิด,ความเสี่ยงต่ำ,มีข้อมูลว่าควรหลีกเลี่ยงการใช้ยาใน 6 สัปดาห์แรกหลังคลอดบุตร ควรปรึกษาแพทย์หรือเภสัชกรก่อนใช้ยา หรือใช้การคุมกำเนิดด้วยวิธีอื่นแทน,"1. Breastfeeding Association for Promotion and Cultural and Research of. Lactulose. Available from: http://www.e-lactancia.org/producto/609                                                           2. Organization World Health, UNICEF. Breastfeeding and maternal medication. Recommendations for drugs in the Eleventh WHO Model List of Essential Drugs. World Health Organization-UNICEF, Geneva. 2002. "
MINNY  28 (Ethinylestradiol + Desogestrel),ใช้สำหรับคุมกำเนิด,ความเสี่ยงต่ำ,มีข้อมูลว่าควรหลีกเลี่ยงการใช้ยาใน 6 สัปดาห์แรกหลังคลอดบุตร ควรปรึกษาแพทย์หรือเภสัชกรก่อนใช้ยา หรือใช้การคุมกำเนิดด้วยวิธีอื่นแทน,"1. Breastfeeding Association for Promotion and Cultural and Research of. Lactulose. Available from: http://www.e-lactancia.org/producto/609                                                           2. Organization World Health, UNICEF. Breastfeeding and maternal medication. Recommendations for drugs in the Eleventh WHO Model List of Essential Drugs. World Health Organization-UNICEF, Geneva. 2002. "
MINOS (Ethinylestradiol + Gestodene),ใช้สำหรับคุมกำเนิด,ไม่พบข้อมูล,มีข้อมูลว่าควรหลีกเลี่ยงการใช้ยาใน 6 สัปดาห์แรกหลังคลอดบุตร ควรปรึกษาแพทย์หรือเภสัชกรก่อนใช้ยา หรือใช้การคุมกำเนิดด้วยวิธีอื่นแทน,"1. Organization World Health, UNICEF. Breastfeeding and maternal medication. Recommendations for drugs in the Eleventh WHO Model List of Essential Drugs. World Health Organization-UNICEF, Geneva. 2002. "
NOVYNETTE (Ethinylestradiol + Desogestrel),ใช้สำหรับคุมกำเนิด,ความเสี่ยงต่ำ,มีข้อมูลว่าควรหลีกเลี่ยงการใช้ยาใน 6 สัปดาห์แรกหลังคลอดบุตร ควรปรึกษาแพทย์หรือเภสัชกรก่อนใช้ยา หรือใช้การคุมกำเนิดด้วยวิธีอื่นแทน,"1. Breastfeeding Association for Promotion and Cultural and Research of. Lactulose. Available from: http://www.e-lactancia.org/producto/609                                                            2. Organization World Health, UNICEF. Breastfeeding and maternal medication. Recommendations for drugs in the Eleventh WHO Model List of Essential Drugs. World Health Organization-UNICEF, Geneva. 2002. "
OILEZZ (Ethinylestradiol + Desogestrel),ใช้สำหรับคุมกำเนิด,ความเสี่ยงต่ำ,มีข้อมูลว่าควรหลีกเลี่ยงการใช้ยาใน 6 สัปดาห์แรกหลังคลอดบุตร ควรปรึกษาแพทย์หรือเภสัชกรก่อนใช้ยา หรือใช้การคุมกำเนิดด้วยวิธีอื่นแทน,"1. Breastfeeding Association for Promotion and Cultural and Research of. Lactulose. Available from: http://www.e-lactancia.org/producto/609                                                            2. Organization World Health, UNICEF. Breastfeeding and maternal medication. Recommendations for drugs in the Eleventh WHO Model List of Essential Drugs. World Health Organization-UNICEF, Geneva. 2002. "
ONJEL 20 (Ethinylestradiol + Gestodene),ใช้สำหรับคุมกำเนิด,ไม่พบข้อมูล,มีข้อมูลว่าควรหลีกเลี่ยงการใช้ยาใน 6 สัปดาห์แรกหลังคลอดบุตร ควรปรึกษาแพทย์หรือเภสัชกรก่อนใช้ยา หรือใช้การคุมกำเนิดด้วยวิธีอื่นแทน,"1. Organization World Health, UNICEF. Breastfeeding and maternal medication. Recommendations for drugs in the Eleventh WHO Model List of Essential Drugs. World Health Organization-UNICEF, Geneva. 2002. "
POSTINOR (Levonorgestrel),ใช้สำหรับคุมกำเนิด,ความเสี่ยงต่ำมาก,มีข้อมูลว่าควรหลีกเลี่ยงการใช้ยาใน 6 สัปดาห์แรกหลังคลอดบุตร ควรปรึกษาแพทย์หรือเภสัชกรก่อนใช้ยา หรือใช้การคุมกำเนิดด้วยวิธีอื่นแทน,"1. Breastfeeding Association for Promotion and Cultural and Research of. Lactulose. Available from: http://www.e-lactancia.org/producto/927                                                           2. Organization World Health, UNICEF. Breastfeeding and maternal medication. Recommendations for drugs in the Eleventh WHO Model List of Essential Drugs. World Health Organization-UNICEF, Geneva. 2002. "
RIGEVIDON  (Ethinylestradiol + Norgetrel),ใช้สำหรับคุมกำเนิด,ไม่พบข้อมูล,มีข้อมูลว่าควรหลีกเลี่ยงการใช้ยาใน 6 สัปดาห์แรกหลังคลอดบุตร ควรปรึกษาแพทย์หรือเภสัชกรก่อนใช้ยา หรือใช้การคุมกำเนิดด้วยวิธีอื่นแทน,"1. Organization World Health, UNICEF. Breastfeeding and maternal medication. Recommendations for drugs in the Eleventh WHO Model List of Essential Drugs. World Health Organization-UNICEF, Geneva. 2002. "
SASHA (Cyproterone acetate + Ethinylestradiol),ใช้สำหรับคุมกำเนิด,ไม่พบข้อมูล,มีข้อมูลว่าควรหลีกเลี่ยงการใช้ยาใน 6 สัปดาห์แรกหลังคลอดบุตร ควรปรึกษาแพทย์หรือเภสัชกรก่อนใช้ยา หรือใช้การคุมกำเนิดด้วยวิธีอื่นแทน,"1. Organization World Health, UNICEF. Breastfeeding and maternal medication. Recommendations for drugs in the Eleventh WHO Model List of Essential Drugs. World Health Organization-UNICEF, Geneva. 2002. "
SUCEE  (Cyproterone acetate + Ethinylestradiol),ใช้สำหรับคุมกำเนิด,ไม่พบข้อมูล,มีข้อมูลว่าควรหลีกเลี่ยงการใช้ยาใน 6 สัปดาห์แรกหลังคลอดบุตร ควรปรึกษาแพทย์หรือเภสัชกรก่อนใช้ยา หรือใช้การคุมกำเนิดด้วยวิธีอื่นแทน,"1. Organization World Health, UNICEF. Breastfeeding and maternal medication. Recommendations for drugs in the Eleventh WHO Model List of Essential Drugs. World Health Organization-UNICEF, Geneva. 2002. "
TRIQUILAR ED (Ethinylestradiol + Levonorgestrel),ใช้สำหรับคุมกำเนิด,ความเสี่ยงต่ำ,มีข้อมูลว่าควรหลีกเลี่ยงการใช้ยาใน 6 สัปดาห์แรกหลังคลอดบุตร ควรปรึกษาแพทย์หรือเภสัชกรก่อนใช้ยา หรือใช้การคุมกำเนิดด้วยวิธีอื่นแทน,"1. Breastfeeding Association for Promotion and Cultural and Research of. Lactulose. Available from: http://www.e-lactancia.org/producto/1725                                                         2. Organization World Health, UNICEF. Breastfeeding and maternal medication. Recommendations for drugs in the Eleventh WHO Model List of Essential Drugs. World Health Organization-UNICEF, Geneva. 2002. "
YASMIN (Ethinylestradiol + Drospirenone),ใช้สำหรับคุมกำเนิด,ความเสี่ยงต่ำ,มีข้อมูลว่าควรหลีกเลี่ยงการใช้ยาใน 6 สัปดาห์แรกหลังคลอดบุตร ควรปรึกษาแพทย์หรือเภสัชกรก่อนใช้ยา หรือใช้การคุมกำเนิดด้วยวิธีอื่นแทน,"1. Breastfeeding Association for Promotion and Cultural and Research of. Lactulose. Available from: http://www.e-lactancia.org/producto/610                                                           2. Organization World Health, UNICEF. Breastfeeding and maternal medication. Recommendations for drugs in the Eleventh WHO Model List of Essential Drugs. World Health Organization-UNICEF, Geneva. 2002. "
YAZ (Ethinylestradiol + Drospirenone),ใช้สำหรับคุมกำเนิด,ความเสี่ยงต่ำ,มีข้อมูลว่าควรหลีกเลี่ยงการใช้ยาใน 6 สัปดาห์แรกหลังคลอดบุตร ควรปรึกษาแพทย์หรือเภสัชกรก่อนใช้ยา หรือใช้การคุมกำเนิดด้วยวิธีอื่นแทน,"1. Breastfeeding Association for Promotion and Cultural and Research of. Lactulose. Available from: http://www.e-lactancia.org/producto/610                                                           2. Organization World Health, UNICEF. Breastfeeding and maternal medication. Recommendations for drugs in the Eleventh WHO Model List of Essential Drugs. World Health Organization-UNICEF, Geneva. 2002. "
ZARINE (Ethinylestradiol + Levonorgestrel),ใช้สำหรับคุมกำเนิด,ความเสี่ยงต่ำ,มีข้อมูลว่าควรหลีกเลี่ยงการใช้ยาใน 6 สัปดาห์แรกหลังคลอดบุตร ควรปรึกษาแพทย์หรือเภสัชกรก่อนใช้ยา หรือใช้การคุมกำเนิดด้วยวิธีอื่นแทน,"1. Breastfeeding Association for Promotion and Cultural and Research of. Lactulose. Available from: http://www.e-lactancia.org/producto/1725                                                         2. Organization World Health, UNICEF. Breastfeeding and maternal medication. Recommendations for drugs in the Eleventh WHO Model List of Essential Drugs. World Health Organization-UNICEF, Geneva. 2002. "
ZOELY (Estradiol + Nomegestrol),ใช้สำหรับคุมกำเนิด,ความเสี่ยงต่ำ,มีข้อมูลว่าควรหลีกเลี่ยงการใช้ยาใน 6 สัปดาห์แรกหลังคลอดบุตร ควรปรึกษาแพทย์หรือเภสัชกรก่อนใช้ยา หรือใช้การคุมกำเนิดด้วยวิธีอื่นแทน,"1. Breastfeeding Association for Promotion and Cultural and Research of. Lactulose. Available from: http://www.e-lactancia.org/producto/1764                                                          2. Organization World Health, UNICEF. Breastfeeding and maternal medication. Recommendations for drugs in the Eleventh WHO Model List of Essential Drugs. World Health Organization-UNICEF, Geneva. 2002. "